{"cameraMode":{"drawMode":0,"name":"Shaded","section":"Shading Mode"},"sceneLighting":false,"audioPlay":false,"sceneViewState":{"m_AlwaysRefresh":false,"showFog":true,"showSkybox":false,"showFlares":true,"showImageEffects":true,"showParticleSystems":true,"showVisualEffectGraphs":true,"m_FxEnabled":true},"in2DMode":false,"pivot":{"x":4.76837158203125e-7,"y":3.1316001415252687,"z":-4.76837158203125e-7},"rotation":{"x":0.001882426324300468,"y":0.9035541415214539,"z":0.003978207241743803,"w":-0.42846590280532839},"size":5.273227691650391,"orthographic":false}